<?xml version="1.0" encoding="UTF-8" standalone="yes" ?>
<HighTable>
    <Score Name="Ethan" Score="16000" />
    <Score Name="Jillian" Score="14000" />
    <Score Name="Paul" Score="8500" />
    <Score Name="Tyrone" Score="7000" />
    <Score Name="Hector" Score="6000" />
    <Score Name="Gilda" Score="5000" />
    <Score Name="Larry" Score="4000" />
    <Score Name="Ophelia" Score="3000" />
    <Score Name="John" Score="2000" />
    <Score Name="Lance" Score="1000" />
</HighTable>
